Aarav Mehta, 9876543210, aarav.mehta@gmail.com
Neha Joshi, 9898765432, neha.joshi@outlook.com
Rohan Deshmukh, 9123456789, rohan.deshmukh@yahoo.com
Tanya Kapoor, 9988776655, tanya.kapoor@rediffmail.com
Ishaan Sharma, 9090909090, ishaan.sharma@live.com
Kavya Nair, 9012345678, kavya.nair@gmail.com
Aditya Rao, 9776655443, aditya.rao@protonmail.com
Meera Bansal, 9321456789, meera.bansal@zoho.com
Raj Malhotra, 9786543211, raj.malhotra@hotmail.com
Simran Kaur, 9991112223, simran.kaur@gmail.com
praju, 8927523416, praju@gmail.com
